BossName,Name,Stage,RequiredPower,DropAccessory
Zakum,자쿰,2,30,Condensed_Power_Crystal|Aquatic_Letter_Eye|Enraged_Zakum_Belt
Papulatus,파풀라투스,2,60,Papulatus_Mark
Hilla,힐라,2,90,Flame_Of_Hell|Stone_Of_Eternal_Life
Von_Leon,반레온,2,120,Noble_Ifia_Ring
Horntail,혼테일,2,150,Dea_Sidus_Earring|Silver_Blossom_Ring|Horntail_Necklace|Chaos_Horntail_Necklace
Guardian_Angel_Slime,가디언 엔젤 슬라임,3,250,Guardian_Angel_Ring
Pink_Bean,핑크빈,3,350,Black_Bean_Mark|Golden_Clover_Belt|Pink_Holy_Cup
Magnus,매그너스,3,500,Royal_Black_Metal_Shoulder|Crystal_Ventus_Badge
Arkarium,아카이럼,3,700,Mechanator_Pendant|Dominator_Pendant
