Group,Key,Reward,Text
all,intro,,"""신규 장비를 모아 더 강해지고 싶다!\n어떤 보스를 처치하러 갈까?"""
all,challenge,,"""{boss} 처치에 도전하였다!\n각오해라!"""
all,fail,main%:3,"아쉽게도 시간 안에 보스를 처치하지 못하였다!\n힘을 길러, 다음에 다시 도전해보자.\n주스탯이 3%만큼 올랐다."
all,success,cube:5;main%:6;attack%:6,"""{boss}을(를) 처치하였다!\n보상으로 미라클큐브(x5)를 얻었다!\n주스탯이 6%만큼 오르고 공격력이 6%만큼 올랐다."""
all,great,main%:9;attack%:9,"""{boss}을(를) 처치하였다!\n보상으로 {drop}를 얻었다!\n주스탯이 9%만큼 오르고 공격력이 9%만큼 올랐다."""
blackmage,intro,,"""드디어 검은 마법사와의 결전이다!"""
blackmage,challenge,,"""하드 검은 마법사 처치에 도전하였다!\n각오해라!"""
blackmage,win,,"""검은 마법사 처치에 성공했다!\n메이플 월드를 지켜냈다! 야호!"""
blackmage,lose,,"""아쉽게도 검은 마법사에게 패배했다...\n\n장비를 더 꼼꼼히 점검했어야 했나...\n다음에 준비를 완벽히 갖춰서 다시 도전해야겠다..."""
